{
  "8": {
    "features": [
      {
        "dim": 180,
        "importance": 0.22799263894557953,
        "top_tokens": [
          [
            "門",
            -0.032602227683051634
          ],
          [
            "鎖",
            -0.030764673287052707
          ],
          [
            "被",
            -0.029499495963635675
          ],
          [
            "需要",
            -0.029161781990714997
          ],
          [
            "迅速",
            -0.02612760724797958
          ]
        ]
      },
      {
        "dim": 377,
        "importance": 0.16739632189273834,
        "top_tokens": [
          [
            "食物",
            0.03782675275495224
          ],
          [
            "生存",
            -0.02912094211908564
          ],
          [
            "和",
            0.02684105551415577
          ],
          [
            "尋找",
            -0.023416702053509653
          ],
          [
            "生物",
            0.01893382553588717
          ]
        ]
      },
      {
        "dim": 477,
        "importance": 0.162888765335083,
        "top_tokens": [
          [
            "尋找",
            0.01944312622072175
          ],
          [
            "生存",
            0.017628926417705238
          ],
          [
            "資源",
            0.017568615614436567
          ],
          [
            "天候",
            0.01545338414143771
          ],
          [
            "監控",
            0.015144713979680091
          ]
        ]
      }
    ]
  }
}