{
  "0": {
    "features": [
      {
        "dim": 180,
        "importance": 0.22793279588222504,
        "top_tokens": [
          [
            "安全",
            -0.06704593085040207
          ],
          [
            "家人",
            -0.04023116307025435
          ],
          [
            "我",
            -0.034340864494071394
          ],
          [
            "一個",
            -0.032445646598495755
          ],
          [
            "think",
            -0.03152071490634233
          ]
        ]
      },
      {
        "dim": 377,
        "importance": 0.16739600896835327,
        "top_tokens": [
          [
            "我",
            0.04004574534302896
          ],
          [
            "如何",
            0.03356218353115833
          ],
          [
            "請",
            0.028517021994880164
          ],
          [
            "工具",
            0.02439199830375504
          ],
          [
            "包括",
            0.023149335737137403
          ]
        ]
      },
      {
        "dim": 477,
        "importance": 0.16400830447673798,
        "top_tokens": [
          [
            "我",
            0.06704765222963846
          ],
          [
            "工具",
            0.046798502915540795
          ],
          [
            "如何",
            0.04675914359439086
          ],
          [
            "安全",
            0.043291468319238795
          ],
          [
            "請",
            0.04274867156851942
          ]
        ]
      }
    ]
  }
}