{
  "10": {
    "features": [
      {
        "dim": 180,
        "importance": 0.22792726755142212,
        "top_tokens": [
          [
            "如何",
            -0.022231915525803937
          ],
          [
            "鎖",
            -0.020762264010818682
          ],
          [
            "門",
            -0.020004122570625858
          ],
          [
            "快速",
            -0.01952511978128656
          ],
          [
            "末",
            -0.01864455219169301
          ]
        ]
      },
      {
        "dim": 377,
        "importance": 0.16739696264266968,
        "top_tokens": [
          [
            "主機",
            0.02074079065641854
          ],
          [
            "生存",
            -0.017966249914876796
          ],
          [
            "目標",
            0.01570396138660351
          ],
          [
            "外",
            -0.012556782226197995
          ],
          [
            "最後",
            0.011858771773404442
          ]
        ]
      },
      {
        "dim": 477,
        "importance": 0.1640927791595459,
        "top_tokens": [
          [
            "生存",
            0.030189149344052955
          ],
          [
            "握",
            0.02998527528418033
          ],
          [
            "2",
            0.02397234677993712
          ],
          [
            "W",
            0.023972007946600322
          ],
          [
            "PA",
            0.023972007946600322
          ]
        ]
      }
    ]
  }
}