{
  "16": {
    "features": [
      {
        "dim": 180,
        "importance": 0.22795940935611725,
        "top_tokens": [
          [
            "安全",
            -0.05304896824816445
          ],
          [
            "政府",
            -0.03858274139929563
          ],
          [
            "中国",
            -0.03812505427049473
          ],
          [
            "一個",
            -0.034653568393637264
          ],
          [
            ">",
            -0.02735850157096827
          ]
        ]
      },
      {
        "dim": 377,
        "importance": 0.16741439700126648,
        "top_tokens": [
          [
            "需要",
            0.01762240603928035
          ],
          [
            "一個",
            0.014901811417288382
          ],
          [
            "設",
            0.014044761039707504
          ],
          [
            "Web",
            0.013796809757471
          ],
          [
            "警方",
            0.013038705161307007
          ]
        ]
      },
      {
        "dim": 477,
        "importance": 0.1629672795534134,
        "top_tokens": [
          [
            "一個",
            0.021482128182591834
          ],
          [
            "安全",
            0.02077761518881863
          ],
          [
            "Web",
            0.017333185061949252
          ],
          [
            "風",
            0.016750769021410424
          ],
          [
            "服務",
            0.015204141830737376
          ]
        ]
      }
    ]
  }
}